DMS 포집내역 (2018.4.30 ~ 2018.10.31),,,,,2018년,포집량,모기,기타
,포집량,모기,기타,,4월,1321,1313,8
계,460899,456790,4099,,5월,74591,74159,432
2018-04-30,1321,1313,8,,6월,119505,118522,983
2018-05-01,1856,1837,19,,7월,107551,106118,1433
2018-05-02,1888,1871,17,,8월,65559,65030,519
2018-05-03,476,468,8,,9월,67926,67379,547
2018-05-04,1069,1052,17,,10월,24446,24269,177
2018-05-05,1747,1717,30,,계,460899,456790,4099
2018-05-06,2269,2246,23,,,,,
2018-05-07,1371,1361,10,,,,,
2018-05-08,2952,2931,21,,,,,
2018-05-09,2007,1988,19,,,,,
2018-05-10,2926,2906,20,,,,,
2018-05-11,2433,2422,11,,,,,
2018-05-12,3133,3117,16,,,,,
2018-05-13,1534,1533,1,,,,,
2018-05-14,2388,2376,12,,,,,
2018-05-15,3092,3076,16,,,,,
2018-05-16,3542,3529,13,,,,,
2018-05-17,1969,1964,5,,,,,
2018-05-18,1637,1634,3,,,,,
2018-05-19,1861,1849,12,,,,,
2018-05-20,2854,2837,17,,,,,
2018-05-21,2698,2680,18,,,,,
2018-05-22,2718,2708,10,,,,,
2018-05-23,2121,2119,2,,,,,
2018-05-24,2675,2663,12,,,,,
2018-05-25,2651,2636,15,,,,,
2018-05-26,2789,2778,11,,,,,
2018-05-27,3172,3160,12,,,,,
2018-05-28,3174,3154,20,,,,,
2018-05-29,3500,3480,20,,,,,
2018-05-30,2847,2838,9,,,,,
2018-05-31,3242,3229,13,,,,,
2018-06-01,3195,3178,17,,,,,
2018-06-02,3300,3270,30,,,,,
2018-06-03,2841,2828,13,,,,,
2018-06-04,2986,2977,9,,,,,
2018-06-05,2767,2760,7,,,,,
2018-06-06,3137,3119,18,,,,,
2018-06-07,3517,3491,26,,,,,
2018-06-08,3153,3122,31,,,,,
2018-06-09,3228,3198,30,,,,,
2018-06-10,3617,3581,36,,,,,
2018-06-11,4180,4152,28,,,,,
2018-06-12,3436,3417,19,,,,,
2018-06-13,4196,4163,33,,,,,
2018-06-14,4693,4640,53,,,,,
2018-06-15,4586,4516,70,,,,,
2018-06-16,4781,4746,35,,,,,
2018-06-17,4987,4943,44,,,,,
2018-06-18,5380,5323,57,,,,,
2018-06-19,4653,4605,48,,,,,
2018-06-20,4489,4442,47,,,,,
2018-06-21,4588,4545,43,,,,,
2018-06-22,5116,5080,36,,,,,
2018-06-23,5058,5010,48,,,,,
2018-06-24,4705,4673,32,,,,,
2018-06-25,4866,4830,36,,,,,
2018-06-26,4696,4664,32,,,,,
2018-06-27,3301,3285,16,,,,,
2018-06-28,3740,3709,31,,,,,
2018-06-29,2960,2937,23,,,,,
2018-06-30,3353,3318,35,,,,,
2018-07-01,3106,3076,30,,,,,
2018-07-02,3140,3106,34,,,,,
2018-07-03,1805,1791,14,,,,,
2018-07-04,2479,2434,45,,,,,
2018-07-05,2727,2684,43,,,,,
2018-07-06,2614,2583,31,,,,,
2018-07-07,3034,3000,34,,,,,
2018-07-08,3202,3167,35,,,,,
2018-07-09,3647,3600,47,,,,,
2018-07-10,3276,3235,41,,,,,
2018-07-11,2546,2524,22,,,,,
2018-07-12,2880,2861,19,,,,,
2018-07-13,2814,2771,43,,,,,
2018-07-14,3701,3597,104,,,,,
2018-07-15,3550,3489,61,,,,,
2018-07-16,3924,3870,54,,,,,
2018-07-17,3729,3679,50,,,,,
2018-07-18,3444,3381,63,,,,,
2018-07-19,3879,3835,44,,,,,
2018-07-20,4207,4147,60,,,,,
2018-07-21,4311,4232,79,,,,,
2018-07-22,4158,4105,53,,,,,
2018-07-23,4126,4077,49,,,,,
2018-07-24,4025,3972,53,,,,,
2018-07-25,4271,4223,48,,,,,
2018-07-26,4286,4230,56,,,,,
2018-07-27,4429,4382,47,,,,,
2018-07-28,3874,3828,46,,,,,
2018-07-29,3629,3579,50,,,,,
2018-07-30,4022,3975,47,,,,,
2018-07-31,2716,2685,31,,,,,
2018-08-01,2875,2834,41,,,,,
2018-08-02,2619,2589,30,,,,,
2018-08-03,2361,2337,24,,,,,
2018-08-04,2760,2732,28,,,,,
2018-08-05,2916,2888,28,,,,,
2018-08-06,3480,3455,25,,,,,
2018-08-07,3046,3021,25,,,,,
2018-08-08,2710,2696,14,,,,,
2018-08-09,2408,2383,25,,,,,
2018-08-10,3120,3102,18,,,,,
2018-08-11,2472,2453,19,,,,,
2018-08-12,2051,2041,10,,,,,
2018-08-13,2540,2527,13,,,,,
2018-08-14,2679,2650,29,,,,,
2018-08-15,2190,2175,15,,,,,
2018-08-16,1757,1746,11,,,,,
2018-08-17,1325,1318,7,,,,,
2018-08-18,1562,1551,11,,,,,
2018-08-19,1184,1176,8,,,,,
2018-08-20,1332,1326,6,,,,,
2018-08-21,829,823,6,,,,,
2018-08-22,1234,1222,12,,,,,
2018-08-23,1241,1229,12,,,,,
2018-08-24,1561,1543,8,,,,,
2018-08-25,1998,1985,13,,,,,
2018-08-26,2236,2221,15,,,,,
2018-08-27,1920,1914,6,,,,,
2018-08-28,1716,1709,7,,,,,
2018-08-29,2129,2116,13,,,,,
2018-08-30,1794,1770,24,,,,,
2018-08-31,1514,1498,16,,,,,
2018-09-01,1279,1261,18,,,,,
2018-09-02,1499,1487,12,,,,,
2018-09-03,1377,1360,17,,,,,
2018-09-04,1264,1260,4,,,,,
2018-09-05,1808,1799,9,,,,,
2018-09-06,1857,1846,11,,,,,
2018-09-07,1937,1911,26,,,,,
2018-09-08,1757,1744,13,,,,,
2018-09-09,1592,1571,21,,,,,
2018-09-10,1661,1649,12,,,,,
2018-09-11,1827,1815,12,,,,,
2018-09-12,1638,1626,12,,,,,
2018-09-13,1740,1725,15,,,,,
2018-09-14,2009,1990,19,,,,,
2018-09-15,2269,2254,15,,,,,
2018-09-16,2317,2295,22,,,,,
2018-09-17,3368,3336,32,,,,,
2018-09-18,3475,3450,25,,,,,
2018-09-19,3218,3183,35,,,,,
2018-09-20,3136,3112,24,,,,,
2018-09-21,3216,3194,22,,,,,
2018-09-22,2762,2737,25,,,,,
2018-09-23,3382,3348,34,,,,,
2018-09-24,3561,3542,19,,,,,
2018-09-25,2611,2591,20,,,,,
2018-09-26,2771,2757,14,,,,,
2018-09-27,2608,2587,21,,,,,
2018-09-28,2209,2200,9,,,,,
2018-09-29,1748,1731,17,,,,,
2018-09-30,2030,2018,12,,,,,
2018-10-01,2047,2031,16,,,,,
2018-10-02,1642,1634,8,,,,,
2018-10-03,1406,1396,10,,,,,
2018-10-04,1559,1549,10,,,,,
2018-10-05,2509,2487,22,,,,,
2018-10-06,1224,1221,3,,,,,
2018-10-07,1349,1340,9,,,,,
2018-10-08,1153,1149,4,,,,,
2018-10-09,754,752,2,,,,,
2018-10-10,1473,1464,9,,,,,
2018-10-11,269,269,0,,,,,
2018-10-12,298,296,2,,,,,
2018-10-13,330,329,1,,,,,
2018-10-14,354,351,3,,,,,
2018-10-15,725,724,1,,,,,
2018-10-16,894,894,0,,,,,
2018-10-17,569,568,1,,,,,
2018-10-18,438,435,3,,,,,
2018-10-19,867,853,14,,,,,
2018-10-20,820,809,11,,,,,
2018-10-21,649,634,15,,,,,
2018-10-22,490,486,4,,,,,
2018-10-23,457,444,13,,,,,
2018-10-24,377,370,7,,,,,
2018-10-25,380,379,1,,,,,
2018-10-26,769,765,4,,,,,
2018-10-27,303,301,2,,,,,
2018-10-28,95,95,0,,,,,
2018-10-29,74,72,2,,,,,
2018-10-30,24,24,0,,,,,
2018-10-31,148,148,0,,,,,
